Source_Address,Destination_Address,Protocol,Source_Port,Destination_Port,Length
173.194.128.71,192.168.1.143,UDP,443,50024,1292
173.194.128.71,192.168.1.143,UDP,443,50024,1292
192.168.1.143,173.194.128.71,UDP,50024,443,82
192.168.1.143,173.194.128.71,UDP,50024,443,82
173.194.128.71,192.168.1.143,UDP,443,50024,1292
192.168.1.143,173.194.128.71,UDP,50024,443,82
173.194.128.71,192.168.1.143,UDP,443,50024,1292
192.168.1.143,173.194.128.71,UDP,50024,443,82
173.194.128.71,192.168.1.143,UDP,443,50024,1292
173.194.128.71,192.168.1.143,UDP,443,50024,1292
192.168.1.143,173.194.128.71,UDP,50024,443,82
173.194.128.71,192.168.1.143,UDP,443,50024,1292
173.194.128.71,192.168.1.143,UDP,443,50024,1292
173.194.128.71,192.168.1.143,UDP,443,50024,1292
192.168.1.143,173.194.128.71,UDP,50024,443,82
173.194.128.71,192.168.1.143,UDP,443,50024,1292
173.194.128.71,192.168.1.143,UDP,443,50024,1292
173.194.128.71,192.168.1.143,UDP,443,50024,1292
192.168.1.143,173.194.128.71,UDP,50024,443,83
192.168.1.143,173.194.128.71,UDP,50024,443,71
173.194.128.71,192.168.1.143,UDP,443,50024,1292
173.194.128.71,192.168.1.143,UDP,443,50024,1292
192.168.1.143,173.194.128.71,UDP,50024,443,83
173.194.128.71,192.168.1.143,UDP,443,50024,1292
173.194.128.71,192.168.1.143,UDP,443,50024,1292
173.194.128.71,192.168.1.143,UDP,443,50024,67
173.194.128.71,192.168.1.143,UDP,443,50024,1292
173.194.128.71,192.168.1.143,UDP,443,50024,1292
192.168.1.143,173.194.128.71,UDP,50024,443,74
173.194.128.71,192.168.1.143,UDP,443,50024,1292
173.194.128.71,192.168.1.143,UDP,443,50024,1292
173.194.128.71,192.168.1.143,UDP,443,50024,1292
173.194.128.71,192.168.1.143,UDP,443,50024,1292
192.168.1.143,173.194.128.71,UDP,50024,443,75
173.194.128.71,192.168.1.143,UDP,443,50024,1292
173.194.128.71,192.168.1.143,UDP,443,50024,1292
173.194.128.71,192.168.1.143,UDP,443,50024,1292
192.168.1.143,173.194.128.71,UDP,50024,443,74
173.194.128.71,192.168.1.143,UDP,443,50024,1292
173.194.128.71,192.168.1.143,UDP,443,50024,1292
173.194.128.71,192.168.1.143,UDP,443,50024,1292
192.168.1.143,173.194.128.71,UDP,50024,443,74
173.194.128.71,192.168.1.143,UDP,443,50024,1292
173.194.128.71,192.168.1.143,UDP,443,50024,1292
192.168.1.143,173.194.128.71,UDP,50024,443,74
173.194.128.71,192.168.1.143,UDP,443,50024,1292
173.194.128.71,192.168.1.143,UDP,443,50024,1292
192.168.1.143,173.194.128.71,UDP,50024,443,75
173.194.128.71,192.168.1.143,UDP,443,50024,1292
173.194.128.71,192.168.1.143,UDP,443,50024,1292
192.168.1.143,173.194.128.71,UDP,50024,443,75
192.168.1.143,173.194.128.71,UDP,50024,443,75
173.194.128.71,192.168.1.143,UDP,443,50024,1292
173.194.128.71,192.168.1.143,UDP,443,50024,1292
173.194.128.71,192.168.1.143,UDP,443,50024,1292
173.194.128.71,192.168.1.143,UDP,443,50024,1292
192.168.1.143,173.194.128.71,UDP,50024,443,74
192.168.1.143,173.194.128.71,UDP,50024,443,75
173.194.128.71,192.168.1.143,UDP,443,50024,1292
192.168.1.143,173.194.128.71,UDP,50024,443,76
173.194.128.71,192.168.1.143,UDP,443,50024,1292
192.168.1.143,173.194.128.71,UDP,50024,443,76
192.168.1.143,173.194.128.71,UDP,50024,443,71
173.194.128.71,192.168.1.143,UDP,443,50024,1292
192.168.1.143,173.194.128.71,UDP,50024,443,76
173.194.128.71,192.168.1.143,UDP,443,50024,1292
192.168.1.143,173.194.128.71,UDP,50024,443,76
173.194.128.71,192.168.1.143,UDP,443,50024,1292
173.194.128.71,192.168.1.143,UDP,443,50024,1292
192.168.1.143,173.194.128.71,UDP,50024,443,78
173.194.128.71,192.168.1.143,UDP,443,50024,1292
192.168.1.143,173.194.128.71,UDP,50024,443,78
192.168.1.143,104.26.13.248,TCP,50024,443,55
192.168.1.143,173.194.128.71,UDP,50024,443,71
173.194.128.71,192.168.1.143,UDP,443,50024,1285
192.168.1.143,173.194.128.71,UDP,50024,443,80
173.194.128.71,192.168.1.143,UDP,443,50024,1292
192.168.1.143,173.194.128.71,UDP,50024,443,80
104.26.13.248,192.168.1.143,TCP,50024,443,66
173.194.128.71,192.168.1.143,UDP,443,50024,68
173.194.128.71,192.168.1.143,UDP,443,50024,1292
192.168.1.143,173.194.128.71,UDP,50024,443,80
173.194.128.71,192.168.1.143,UDP,443,50024,1292
192.168.1.143,173.194.128.71,UDP,50024,443,82
173.194.128.71,192.168.1.143,UDP,443,50024,1292
192.168.1.143,173.194.128.71,UDP,50024,443,82
173.194.128.71,192.168.1.143,UDP,443,50024,1292
192.168.1.143,173.194.128.71,UDP,50024,443,82
173.194.128.71,192.168.1.143,UDP,443,50024,1292
192.168.1.143,173.194.128.71,UDP,50024,443,82
173.194.128.71,192.168.1.143,UDP,443,50024,1292
173.194.128.71,192.168.1.143,UDP,443,50024,1292
192.168.1.143,173.194.128.71,UDP,50024,443,84
173.194.128.71,192.168.1.143,UDP,443,50024,1292
173.194.128.71,192.168.1.143,UDP,443,50024,1292
192.168.1.143,173.194.128.71,UDP,50024,443,84
192.168.1.143,173.194.128.71,UDP,50024,443,84
192.168.1.111,192.168.1.255,UDP,137,137,92
173.194.128.71,192.168.1.143,UDP,443,50024,1292
85.25.211.177,192.168.1.143,TCP,443,50024,102
173.194.128.71,192.168.1.143,UDP,443,50024,1292
173.194.128.71,192.168.1.143,UDP,443,50024,1292
192.168.1.143,173.194.128.71,UDP,50024,443,86
192.168.1.143,173.194.128.71,UDP,50024,443,88
192.168.1.143,173.194.128.71,UDP,50024,443,88
192.168.1.143,173.194.128.71,UDP,50024,443,71
85.25.211.177,192.168.1.143,TCP,50024,443,102
173.194.128.71,192.168.1.143,UDP,443,50024,67
173.194.128.71,192.168.1.143,UDP,443,50024,1292
192.168.1.143,85.25.211.177,TCP,443,50024,54
173.194.128.71,192.168.1.143,UDP,443,50024,1292
192.168.1.100,255.255.255.255,UDP,39360,7989,142
173.194.128.71,192.168.1.143,UDP,443,50024,1292
192.168.1.143,173.194.128.71,UDP,50024,443,76
192.168.1.143,173.194.128.71,UDP,50024,443,76
192.168.1.143,173.194.128.71,UDP,50024,443,76
173.194.128.71,192.168.1.143,UDP,443,50024,1292
173.194.128.71,192.168.1.143,UDP,443,50024,1292
192.168.1.143,173.194.128.71,UDP,50024,443,76
173.194.128.71,192.168.1.143,UDP,443,50024,1292
173.194.128.71,192.168.1.143,UDP,443,50024,1292
52.108.56.17,192.168.1.143,TCP,443,50024,87
192.168.1.143,173.194.128.71,UDP,50024,443,76
173.194.128.71,192.168.1.143,UDP,443,50024,1292
192.168.1.143,173.194.128.71,UDP,50024,443,78
85.25.211.177,192.168.1.143,TCP,50024,443,102
173.194.128.71,192.168.1.143,UDP,443,50024,1292
192.168.1.143,173.194.128.71,UDP,50024,443,80
173.194.128.71,192.168.1.143,UDP,443,50024,1292
192.168.1.143,173.194.128.71,UDP,50024,443,80
173.194.128.71,192.168.1.143,UDP,443,50024,1292
192.168.1.143,173.194.128.71,UDP,50024,443,80
192.168.1.143,52.108.56.17,TCP,50024,443,54
173.194.128.71,192.168.1.143,UDP,443,50024,1292
192.168.1.143,173.194.128.71,UDP,50024,443,80
173.194.128.71,192.168.1.143,UDP,443,50024,1292
192.168.1.143,173.194.128.71,UDP,50024,443,81
173.194.128.71,192.168.1.143,UDP,443,50024,1292
192.168.1.143,85.25.211.177,TCP,443,50024,54
173.194.128.71,192.168.1.143,UDP,443,50024,1292
192.168.1.143,173.194.128.71,UDP,50024,443,82
192.168.1.143,173.194.128.71,UDP,50024,443,82
173.194.128.71,192.168.1.143,UDP,443,50024,1292
192.168.1.143,173.194.128.71,UDP,50024,443,82
173.194.128.71,192.168.1.143,UDP,443,50024,1292
192.168.1.143,173.194.128.71,UDP,50024,443,82
173.194.128.71,192.168.1.143,UDP,443,50024,1292
192.168.1.143,173.194.128.71,UDP,50024,443,83
173.194.128.71,192.168.1.143,UDP,443,50024,1292
173.194.128.71,192.168.1.143,UDP,443,50024,1292
192.168.1.143,173.194.128.71,UDP,50024,443,82
173.194.128.71,192.168.1.143,UDP,443,50024,1292
192.168.1.143,173.194.128.71,UDP,50024,443,83
173.194.128.71,192.168.1.143,UDP,443,50024,1292
192.168.1.143,173.194.128.71,UDP,50024,443,84
173.194.128.71,192.168.1.143,UDP,443,50024,1292
192.168.1.143,173.194.128.71,UDP,50024,443,86
173.194.128.71,192.168.1.143,UDP,443,50024,1292
192.168.1.143,173.194.128.71,UDP,50024,443,86
173.194.128.71,192.168.1.143,UDP,443,50024,1292
192.168.1.143,173.194.128.71,UDP,50024,443,86
173.194.128.71,192.168.1.143,UDP,443,50024,1292
173.194.128.71,192.168.1.143,UDP,443,50024,1292
192.168.1.143,173.194.128.71,UDP,50024,443,86
173.194.128.71,192.168.1.143,UDP,443,50024,1292
173.194.128.71,192.168.1.143,UDP,443,50024,1285
192.168.1.143,173.194.128.71,UDP,50024,443,86
173.194.128.71,192.168.1.143,UDP,443,50024,1292
192.168.1.143,173.194.128.71,UDP,50024,443,87
173.194.128.71,192.168.1.143,UDP,443,50024,1292
173.194.128.71,192.168.1.143,UDP,443,50024,68
85.25.211.177,192.168.1.143,TCP,443,50024,102
192.168.1.143,85.25.211.177,TCP,443,50024,66
173.194.128.71,192.168.1.143,UDP,443,50024,1292
173.194.128.71,192.168.1.143,UDP,443,50024,1292
173.194.128.71,192.168.1.143,UDP,443,50024,1292
192.168.1.143,173.194.128.71,UDP,50024,443,88
192.168.1.143,173.194.128.71,UDP,50024,443,76
192.168.1.143,173.194.128.71,UDP,50024,443,76
173.194.128.71,192.168.1.143,UDP,443,50024,1292
173.194.128.71,192.168.1.143,UDP,443,50024,1292
192.168.1.143,173.194.128.71,UDP,50024,443,76
192.168.1.143,173.194.128.71,UDP,50024,443,78
173.194.128.71,192.168.1.143,UDP,443,50024,1292
192.168.1.143,173.194.128.71,UDP,50024,443,78
173.194.128.71,192.168.1.143,UDP,443,50024,1292
173.194.128.71,192.168.1.143,UDP,443,50024,1292
192.168.1.143,173.194.128.71,UDP,50024,443,80
192.168.1.143,173.194.128.71,UDP,50024,443,80
173.194.128.71,192.168.1.143,UDP,443,50024,1292
192.168.1.143,173.194.128.71,UDP,50024,443,82
173.194.128.71,192.168.1.143,UDP,443,50024,1292
192.168.1.143,173.194.128.71,UDP,50024,443,82
173.194.128.71,192.168.1.143,UDP,443,50024,1292
173.194.128.71,192.168.1.143,UDP,443,50024,1292
192.168.1.143,173.194.128.71,UDP,50024,443,84
192.168.1.143,173.194.128.71,UDP,50024,443,86
85.25.211.177,192.168.1.143,TCP,50024,443,102
173.194.128.71,192.168.1.143,UDP,443,50024,1292
192.168.1.143,85.25.211.177,TCP,443,50024,74
173.194.128.71,192.168.1.143,UDP,443,50024,1292
192.168.1.111,192.168.1.255,UDP,137,137,92
173.194.128.71,192.168.1.143,UDP,443,50024,1292
192.168.1.143,173.194.128.71,UDP,50024,443,88
192.168.1.143,173.194.128.71,UDP,50024,443,88
192.168.1.143,173.194.128.71,UDP,50024,443,90
192.168.1.143,173.194.128.71,UDP,50024,443,71
85.25.211.177,192.168.1.143,TCP,50024,443,76
192.168.1.143,85.25.211.177,TCP,50024,443,74
173.194.128.71,192.168.1.143,UDP,443,50024,67
173.194.128.71,192.168.1.143,UDP,443,50024,1292
85.25.211.177,192.168.1.143,TCP,443,50024,102
192.168.1.143,85.25.211.177,TCP,443,50024,66
192.168.1.143,173.194.128.71,UDP,50024,443,76
192.168.1.143,173.194.128.71,UDP,50024,443,71
173.194.128.71,192.168.1.143,UDP,443,50024,813
192.168.1.143,173.194.128.71,UDP,50024,443,78
173.194.128.71,192.168.1.143,UDP,443,50024,67
192.168.1.111,192.168.1.255,UDP,137,137,92
192.168.1.111,192.168.1.255,UDP,137,137,92
192.168.1.111,192.168.1.255,UDP,137,137,92
85.25.211.177,192.168.1.143,TCP,137,137,102
192.168.1.143,85.25.211.177,TCP,137,137,54
192.168.1.143,13.69.68.64,TCP,137,137,54
192.168.1.143,13.69.68.64,TCP,137,137,54
13.69.68.64,192.168.1.143,TCP,137,137,60
13.69.68.64,192.168.1.143,TCP,137,137,60
13.69.68.64,192.168.1.143,TCP,137,137,60
13.69.68.64,192.168.1.143,TCP,137,137,60
192.168.1.143,13.69.68.64,TCP,137,137,54
192.168.1.143,13.69.68.64,TCP,137,137,54
192.168.1.111,192.168.1.255,UDP,137,137,92
192.168.1.143,8.8.8.8,UDP,57177,53,81
192.168.1.143,8.8.8.8,UDP,57177,53,81
8.8.8.8,192.168.1.143,UDP,53,57177,97
192.168.1.143,5.78.100.21,TCP,53,57177,66
5.78.100.21,192.168.1.143,TCP,53,57177,66
192.168.1.143,5.78.100.21,TCP,53,57177,54
192.168.1.143,5.78.100.21,TCP,53,57177,260
192.168.1.111,192.168.1.255,UDP,137,137,92
5.78.100.21,192.168.1.143,TCP,137,137,60
5.78.100.21,192.168.1.143,TCP,137,137,1464
192.168.1.143,5.78.100.21,TCP,137,137,54
5.78.100.21,192.168.1.143,TCP,137,137,1464
192.168.1.143,5.78.100.21,TCP,137,137,54
192.168.1.143,173.194.128.71,UDP,50024,443,1288
192.168.1.143,173.194.128.71,UDP,50024,443,1092
192.168.1.111,192.168.1.255,UDP,137,137,92
173.194.128.71,192.168.1.143,UDP,443,50024,70
192.168.1.143,173.194.128.71,UDP,50024,443,75
173.194.128.71,192.168.1.143,UDP,443,50024,1292
192.168.1.143,173.194.128.71,UDP,50024,443,76
173.194.128.71,192.168.1.143,UDP,443,50024,1292
192.168.1.143,173.194.128.71,UDP,50024,443,76
173.194.128.71,192.168.1.143,UDP,443,50024,1292
192.168.1.143,173.194.128.71,UDP,50024,443,76
173.194.128.71,192.168.1.143,UDP,443,50024,1292
192.168.1.143,173.194.128.71,UDP,50024,443,76
192.168.1.143,173.194.128.71,UDP,50024,443,1092
173.194.128.71,192.168.1.143,UDP,443,50024,1292
192.168.1.143,173.194.128.71,UDP,50024,443,78
173.194.128.71,192.168.1.143,UDP,443,50024,1288
192.168.1.143,173.194.128.71,UDP,50024,443,78
173.194.128.71,192.168.1.143,UDP,443,50024,1292
192.168.1.143,173.194.128.71,UDP,50024,443,78
192.168.1.143,204.79.197.239,TCP,50024,443,55
173.194.128.71,192.168.1.143,UDP,443,50024,1292
173.194.128.71,192.168.1.143,UDP,443,50024,1292
173.194.128.71,192.168.1.143,UDP,443,50024,1292
173.194.128.71,192.168.1.143,UDP,443,50024,1292
192.168.1.143,173.194.128.71,UDP,50024,443,76
192.168.1.143,173.194.128.71,UDP,50024,443,76
192.168.1.143,173.194.128.71,UDP,50024,443,80
192.168.1.143,173.194.128.71,UDP,50024,443,76
173.194.128.71,192.168.1.143,UDP,443,50024,1292
192.168.1.143,173.194.128.71,UDP,50024,443,78
204.79.197.239,192.168.1.143,TCP,50024,443,60
173.194.128.71,192.168.1.143,UDP,443,50024,1292
192.168.1.143,173.194.128.71,UDP,50024,443,75
173.194.128.71,192.168.1.143,UDP,443,50024,1292
173.194.128.71,192.168.1.143,UDP,443,50024,1292
173.194.128.71,192.168.1.143,UDP,443,50024,1292
173.194.128.71,192.168.1.143,UDP,443,50024,1292
192.168.1.143,173.194.128.71,UDP,50024,443,74
173.194.128.71,192.168.1.143,UDP,443,50024,1292
192.168.1.143,173.194.128.71,UDP,50024,443,76
173.194.128.71,192.168.1.143,UDP,443,50024,1292
173.194.128.71,192.168.1.143,UDP,443,50024,1292
192.168.1.143,173.194.128.71,UDP,50024,443,78
192.168.1.143,173.194.128.71,UDP,50024,443,78
173.194.128.71,192.168.1.143,UDP,443,50024,1292
192.168.1.143,173.194.128.71,UDP,50024,443,78
173.194.128.71,192.168.1.143,UDP,443,50024,1292
192.168.1.143,173.194.128.71,UDP,50024,443,80
173.194.128.71,192.168.1.143,UDP,443,50024,1292
192.168.1.143,173.194.128.71,UDP,50024,443,80
173.194.128.71,192.168.1.143,UDP,443,50024,1292
192.168.1.143,173.194.128.71,UDP,50024,443,82
173.194.128.71,192.168.1.143,UDP,443,50024,1292
173.194.128.71,192.168.1.143,UDP,443,50024,1292
192.168.1.143,173.194.128.71,UDP,50024,443,82
192.168.1.143,173.194.128.71,UDP,50024,443,82
173.194.128.71,192.168.1.143,UDP,443,50024,1292
192.168.1.143,173.194.128.71,UDP,50024,443,82
192.168.1.143,173.194.128.71,UDP,50024,443,71
173.194.128.71,192.168.1.143,UDP,443,50024,1292
173.194.128.71,192.168.1.143,UDP,443,50024,1292
192.168.1.143,173.194.128.71,UDP,50024,443,83
173.194.128.71,192.168.1.143,UDP,443,50024,1292
192.168.1.143,173.194.128.71,UDP,50024,443,83
173.194.128.71,192.168.1.143,UDP,443,50024,1292
173.194.128.71,192.168.1.143,UDP,443,50024,1292
192.168.1.143,173.194.128.71,UDP,50024,443,84
173.194.128.71,192.168.1.143,UDP,443,50024,1292
173.194.128.71,192.168.1.143,UDP,443,50024,1292
192.168.1.143,173.194.128.71,UDP,50024,443,76
192.168.1.143,173.194.128.71,UDP,50024,443,78
173.194.128.71,192.168.1.143,UDP,443,50024,1292
192.168.1.143,173.194.128.71,UDP,50024,443,80
192.168.1.111,192.168.1.255,UDP,137,137,92
192.168.1.143,20.54.37.64,TCP,137,137,98
192.168.1.149,224.0.0.251,UDP,5353,5353,103
192.168.1.143,173.194.128.71,UDP,50024,443,71
5.78.100.21,192.168.1.143,TCP,50024,443,1290
192.168.1.143,5.78.100.21,TCP,50024,443,54
173.194.128.71,192.168.1.143,UDP,443,50024,1292
192.168.1.143,173.194.128.71,UDP,50024,443,76
173.194.128.71,192.168.1.143,UDP,443,50024,1292
192.168.1.143,173.194.128.71,UDP,50024,443,76
173.194.128.71,192.168.1.143,UDP,443,50024,1292
192.168.1.143,173.194.128.71,UDP,50024,443,78
173.194.128.71,192.168.1.143,UDP,443,50024,1292
192.168.1.143,173.194.128.71,UDP,50024,443,78
173.194.128.71,192.168.1.143,UDP,443,50024,1292
20.54.37.64,192.168.1.143,TCP,443,50024,229
192.168.1.143,173.194.128.71,UDP,50024,443,78
173.194.128.71,192.168.1.143,UDP,443,50024,1292
192.168.1.143,173.194.128.71,UDP,50024,443,78
173.194.128.71,192.168.1.143,UDP,443,50024,1292
173.194.128.71,192.168.1.143,UDP,443,50024,1292
192.168.1.143,173.194.128.71,UDP,50024,443,78
173.194.128.71,192.168.1.143,UDP,443,50024,1292
192.168.1.143,173.194.128.71,UDP,50024,443,79
192.168.1.143,20.54.37.64,TCP,50024,443,54
173.194.128.71,192.168.1.143,UDP,443,50024,1292
173.194.128.71,192.168.1.143,UDP,443,50024,1292
192.168.1.143,173.194.128.71,UDP,50024,443,78
52.182.143.213,192.168.1.143,TCP,50024,443,60
173.194.128.71,192.168.1.143,UDP,443,50024,1292
192.168.1.143,173.194.128.71,UDP,50024,443,79
173.194.128.71,192.168.1.143,UDP,443,50024,1292
192.168.1.143,173.194.128.71,UDP,50024,443,79
173.194.128.71,192.168.1.143,UDP,443,50024,1292
192.168.1.143,173.194.128.71,UDP,50024,443,80
173.194.128.71,192.168.1.143,UDP,443,50024,1292
192.168.1.143,173.194.128.71,UDP,50024,443,82
192.168.1.143,5.78.100.21,TCP,50024,443,147
173.194.128.71,192.168.1.143,UDP,443,50024,1292
192.168.1.143,173.194.128.71,UDP,50024,443,84
173.194.128.71,192.168.1.143,UDP,443,50024,1292
192.168.1.143,173.194.128.71,UDP,50024,443,84
173.194.128.71,192.168.1.143,UDP,443,50024,1292
192.168.1.143,173.194.128.71,UDP,50024,443,80
173.194.128.71,192.168.1.143,UDP,443,50024,1292
192.168.1.143,173.194.128.71,UDP,50024,443,80
173.194.128.71,192.168.1.143,UDP,443,50024,1292
173.194.128.71,192.168.1.143,UDP,443,50024,1292
192.168.1.143,173.194.128.71,UDP,50024,443,80
173.194.128.71,192.168.1.143,UDP,443,50024,1292
192.168.1.143,173.194.128.71,UDP,50024,443,82
173.194.128.71,192.168.1.143,UDP,443,50024,1292
192.168.1.143,173.194.128.71,UDP,50024,443,82
173.194.128.71,192.168.1.143,UDP,443,50024,1292
192.168.1.143,173.194.128.71,UDP,50024,443,82
173.194.128.71,192.168.1.143,UDP,443,50024,1292
192.168.1.143,173.194.128.71,UDP,50024,443,82
173.194.128.71,192.168.1.143,UDP,443,50024,1292
173.194.128.71,192.168.1.143,UDP,443,50024,1292
173.194.128.71,192.168.1.143,UDP,443,50024,1292
192.168.1.143,173.194.128.71,UDP,50024,443,82
173.194.128.71,192.168.1.143,UDP,443,50024,1292
192.168.1.143,173.194.128.71,UDP,50024,443,83
192.168.1.143,173.194.128.71,UDP,50024,443,83
173.194.128.71,192.168.1.143,UDP,443,50024,1292
192.168.1.143,173.194.128.71,UDP,50024,443,84
173.194.128.71,192.168.1.143,UDP,443,50024,1292
192.168.1.143,173.194.128.71,UDP,50024,443,84
173.194.128.71,192.168.1.143,UDP,443,50024,1292
192.168.1.143,173.194.128.71,UDP,50024,443,84
173.194.128.71,192.168.1.143,UDP,443,50024,1292
192.168.1.143,173.194.128.71,UDP,50024,443,84
173.194.128.71,192.168.1.143,UDP,443,50024,1292
192.168.1.143,173.194.128.71,UDP,50024,443,85
173.194.128.71,192.168.1.143,UDP,443,50024,1292
192.168.1.143,173.194.128.71,UDP,50024,443,91
173.194.128.71,192.168.1.143,UDP,443,50024,1292
192.168.1.143,173.194.128.71,UDP,50024,443,86
173.194.128.71,192.168.1.143,UDP,443,50024,1292
173.194.128.71,192.168.1.143,UDP,443,50024,1292
173.194.128.71,192.168.1.143,UDP,443,50024,1292
192.168.1.143,173.194.128.71,UDP,50024,443,86
192.168.1.143,173.194.128.71,UDP,50024,443,86
173.194.128.71,192.168.1.143,UDP,443,50024,67
173.194.128.71,192.168.1.143,UDP,443,50024,1292
192.168.1.143,173.194.128.71,UDP,50024,443,75
173.194.128.71,192.168.1.143,UDP,443,50024,1292
192.168.1.143,173.194.128.71,UDP,50024,443,75
173.194.128.71,192.168.1.143,UDP,443,50024,1292
173.194.128.71,192.168.1.143,UDP,443,50024,1292
192.168.1.143,173.194.128.71,UDP,50024,443,75
173.194.128.71,192.168.1.143,UDP,443,50024,1292
192.168.1.111,192.168.1.255,UDP,137,137,92
5.78.100.21,192.168.1.143,TCP,137,137,105
192.168.1.143,5.78.100.21,TCP,137,137,54
192.168.1.143,5.78.100.21,TCP,137,137,141
192.168.1.143,5.78.100.21,TCP,137,137,178
192.168.1.143,173.194.128.71,UDP,50024,443,76
173.194.128.71,192.168.1.143,UDP,443,50024,1292
192.168.1.143,173.194.128.71,UDP,50024,443,78
173.194.128.71,192.168.1.143,UDP,443,50024,1292
192.168.1.143,173.194.128.71,UDP,50024,443,80
173.194.128.71,192.168.1.143,UDP,443,50024,1292
192.168.1.143,173.194.128.71,UDP,50024,443,82
173.194.128.71,192.168.1.143,UDP,443,50024,1292
192.168.1.143,173.194.128.71,UDP,50024,443,82
173.194.128.71,192.168.1.143,UDP,443,50024,1292
192.168.1.143,173.194.128.71,UDP,50024,443,82
192.168.1.143,173.194.128.71,UDP,50024,443,71
173.194.128.71,192.168.1.143,UDP,443,50024,1292
192.168.1.143,173.194.128.71,UDP,50024,443,84
173.194.128.71,192.168.1.143,UDP,443,50024,1292
173.194.128.71,192.168.1.143,UDP,443,50024,1292
173.194.128.71,192.168.1.143,UDP,443,50024,1292
192.168.1.143,173.194.128.71,UDP,50024,443,86
192.168.1.143,173.194.128.71,UDP,50024,443,86
192.168.1.143,173.194.128.71,UDP,50024,443,86
173.194.128.71,192.168.1.143,UDP,443,50024,1292
173.194.128.71,192.168.1.143,UDP,443,50024,1285
173.194.128.71,192.168.1.143,UDP,443,50024,1292
192.168.1.143,173.194.128.71,UDP,50024,443,86
192.168.1.143,173.194.128.71,UDP,50024,443,87
173.194.128.71,192.168.1.143,UDP,443,50024,1292
192.168.1.143,173.194.128.71,UDP,50024,443,88
5.78.100.21,192.168.1.143,TCP,50024,443,60
5.78.100.21,192.168.1.143,TCP,50024,443,456
192.168.1.143,5.78.100.21,TCP,50024,443,66
5.78.100.21,192.168.1.143,TCP,50024,443,1464
192.168.1.143,5.78.100.21,TCP,50024,443,66
173.194.128.71,192.168.1.143,UDP,443,50024,1292
192.168.1.143,173.194.128.71,UDP,50024,443,76
173.194.128.71,192.168.1.143,UDP,443,50024,1292
192.168.1.143,173.194.128.71,UDP,50024,443,76
173.194.128.71,192.168.1.143,UDP,443,50024,1292
192.168.1.143,173.194.128.71,UDP,50024,443,76
173.194.128.71,192.168.1.143,UDP,443,50024,1292
192.168.1.143,173.194.128.71,UDP,50024,443,77
173.194.128.71,192.168.1.143,UDP,443,50024,1292
192.168.1.143,173.194.128.71,UDP,50024,443,78
173.194.128.71,192.168.1.143,UDP,443,50024,1292
192.168.1.143,173.194.128.71,UDP,50024,443,80
173.194.128.71,192.168.1.143,UDP,443,50024,1292
192.168.1.143,173.194.128.71,UDP,50024,443,80
173.194.128.71,192.168.1.143,UDP,443,50024,1292
192.168.1.143,173.194.128.71,UDP,50024,443,80
173.194.128.71,192.168.1.143,UDP,443,50024,1292
173.194.128.71,192.168.1.143,UDP,443,50024,1292
192.168.1.143,173.194.128.71,UDP,50024,443,80
173.194.128.71,192.168.1.143,UDP,443,50024,1292
173.194.128.71,192.168.1.143,UDP,443,50024,1292
173.194.128.71,192.168.1.143,UDP,443,50024,1292
192.168.1.143,173.194.128.71,UDP,50024,443,82
192.168.1.143,173.194.128.71,UDP,50024,443,82
192.168.1.143,173.194.128.71,UDP,50024,443,82
173.194.128.71,192.168.1.143,UDP,443,50024,1292
192.168.1.143,173.194.128.71,UDP,50024,443,84
192.168.1.143,173.194.128.71,UDP,50024,443,71
173.194.128.71,192.168.1.143,UDP,443,50024,1292
192.168.1.143,173.194.128.71,UDP,50024,443,86
173.194.128.71,192.168.1.143,UDP,443,50024,1292
192.168.1.143,173.194.128.71,UDP,50024,443,88
173.194.128.71,192.168.1.143,UDP,443,50024,1292
192.168.1.143,173.194.128.71,UDP,50024,443,88
173.194.128.71,192.168.1.143,UDP,443,50024,1285
192.168.1.143,173.194.128.71,UDP,50024,443,88
192.168.1.143,173.194.128.71,UDP,50024,443,71
173.194.128.71,192.168.1.143,UDP,443,50024,1292
192.168.1.143,173.194.128.71,UDP,50024,443,88
173.194.128.71,192.168.1.143,UDP,443,50024,1292
192.168.1.143,173.194.128.71,UDP,50024,443,90
173.194.128.71,192.168.1.143,UDP,443,50024,1292
192.168.1.143,173.194.128.71,UDP,50024,443,90
173.194.128.71,192.168.1.143,UDP,443,50024,1292
192.168.1.143,173.194.128.71,UDP,50024,443,90
173.194.128.71,192.168.1.143,UDP,443,50024,1292
192.168.1.143,173.194.128.71,UDP,50024,443,90
173.194.128.71,192.168.1.143,UDP,443,50024,68
192.168.1.111,192.168.1.255,UDP,137,137,92
173.194.128.71,192.168.1.143,UDP,443,50024,1292
192.168.1.143,173.194.128.71,UDP,50024,443,77
173.194.128.71,192.168.1.143,UDP,443,50024,1292
192.168.1.143,173.194.128.71,UDP,50024,443,78
173.194.128.71,192.168.1.143,UDP,443,50024,1292
192.168.1.143,173.194.128.71,UDP,50024,443,80
173.194.128.71,192.168.1.143,UDP,443,50024,1292
192.168.1.143,173.194.128.71,UDP,50024,443,80
173.194.128.71,192.168.1.143,UDP,443,50024,1292
192.168.1.143,173.194.128.71,UDP,50024,443,82
173.194.128.71,192.168.1.143,UDP,443,50024,1292
192.168.1.143,173.194.128.71,UDP,50024,443,82
173.194.128.71,192.168.1.143,UDP,443,50024,1292
192.168.1.143,173.194.128.71,UDP,50024,443,82
173.194.128.71,192.168.1.143,UDP,443,50024,1292
192.168.1.143,173.194.128.71,UDP,50024,443,82
173.194.128.71,192.168.1.143,UDP,443,50024,1292
173.194.128.71,192.168.1.143,UDP,443,50024,1292
173.194.128.71,192.168.1.143,UDP,443,50024,1292
192.168.1.143,173.194.128.71,UDP,50024,443,82
192.168.1.143,173.194.128.71,UDP,50024,443,83
192.168.1.143,173.194.128.71,UDP,50024,443,71
173.194.128.71,192.168.1.143,UDP,443,50024,1292
192.168.1.143,173.194.128.71,UDP,50024,443,83
173.194.128.71,192.168.1.143,UDP,443,50024,1292
173.194.128.71,192.168.1.143,UDP,443,50024,1292
173.194.128.71,192.168.1.143,UDP,443,50024,1292
173.194.128.71,192.168.1.143,UDP,443,50024,1292
192.168.1.143,173.194.128.71,UDP,50024,443,74
173.194.128.71,192.168.1.143,UDP,443,50024,1292
173.194.128.71,192.168.1.143,UDP,443,50024,1292
192.168.1.143,173.194.128.71,UDP,50024,443,74
173.194.128.71,192.168.1.143,UDP,443,50024,1292
173.194.128.71,192.168.1.143,UDP,443,50024,1292
192.168.1.143,173.194.128.71,UDP,50024,443,74
173.194.128.71,192.168.1.143,UDP,443,50024,1292
192.168.1.143,173.194.128.71,UDP,50024,443,76
173.194.128.71,192.168.1.143,UDP,443,50024,1292
192.168.1.143,173.194.128.71,UDP,50024,443,76
173.194.128.71,192.168.1.143,UDP,443,50024,1292
192.168.1.143,173.194.128.71,UDP,50024,443,76
173.194.128.71,192.168.1.143,UDP,443,50024,1292
173.194.128.71,192.168.1.143,UDP,443,50024,1292
192.168.1.143,173.194.128.71,UDP,50024,443,76
173.194.128.71,192.168.1.143,UDP,443,50024,1292
173.194.128.71,192.168.1.143,UDP,443,50024,1292
173.194.128.71,192.168.1.143,UDP,443,50024,1292
173.194.128.71,192.168.1.143,UDP,443,50024,1292
192.168.1.143,173.194.128.71,UDP,50024,443,76
192.168.1.143,173.194.128.71,UDP,50024,443,77
173.194.128.71,192.168.1.143,UDP,443,50024,1292
173.194.128.71,192.168.1.143,UDP,443,50024,1292
192.168.1.143,173.194.128.71,UDP,50024,443,76
173.194.128.71,192.168.1.143,UDP,443,50024,1292
192.168.1.143,173.194.128.71,UDP,50024,443,76
173.194.128.71,192.168.1.143,UDP,443,50024,1292
192.168.1.143,173.194.128.71,UDP,50024,443,78
173.194.128.71,192.168.1.143,UDP,443,50024,1292
173.194.128.71,192.168.1.143,UDP,443,50024,1292
192.168.1.143,173.194.128.71,UDP,50024,443,78
192.168.1.143,173.194.128.71,UDP,50024,443,78
173.194.128.71,192.168.1.143,UDP,443,50024,1292
173.194.128.71,192.168.1.143,UDP,443,50024,1292
173.194.128.71,192.168.1.143,UDP,443,50024,1292
173.194.128.71,192.168.1.143,UDP,443,50024,1292
173.194.128.71,192.168.1.143,UDP,443,50024,1292
192.168.1.143,173.194.128.71,UDP,50024,443,80
192.168.1.143,173.194.128.71,UDP,50024,443,80
192.168.1.143,173.194.128.71,UDP,50024,443,80
192.168.1.143,173.194.128.71,UDP,50024,443,80
173.194.128.71,192.168.1.143,UDP,443,50024,1292
192.168.1.143,173.194.128.71,UDP,50024,443,80
173.194.128.71,192.168.1.143,UDP,443,50024,1292
192.168.1.111,192.168.1.255,UDP,137,137,92
173.194.128.71,192.168.1.143,UDP,443,50024,1292
192.168.1.143,173.194.128.71,UDP,50024,443,80
192.168.1.143,173.194.128.71,UDP,50024,443,71
173.194.128.71,192.168.1.143,UDP,443,50024,1292
173.194.128.71,192.168.1.143,UDP,443,50024,119
173.194.128.71,192.168.1.143,UDP,443,50024,67
192.168.1.143,173.194.128.71,UDP,50024,443,81
192.168.1.143,173.194.128.71,UDP,50024,443,1288
192.168.1.143,173.194.128.71,UDP,50024,443,1092
5.78.100.21,192.168.1.143,TCP,50024,443,123
192.168.1.143,5.78.100.21,TCP,50024,443,54
192.168.1.143,5.78.100.21,TCP,50024,443,92
173.194.128.71,192.168.1.143,UDP,443,50024,70
173.194.128.71,192.168.1.143,UDP,443,50024,160
192.168.1.143,173.194.128.71,UDP,50024,443,78
173.194.128.71,192.168.1.143,UDP,443,50024,1288
173.194.128.71,192.168.1.143,UDP,443,50024,1292
173.194.128.71,192.168.1.143,UDP,443,50024,1292
173.194.128.71,192.168.1.143,UDP,443,50024,67
173.194.128.71,192.168.1.143,UDP,443,50024,1292
173.194.128.71,192.168.1.143,UDP,443,50024,1292
192.168.1.143,173.194.128.71,UDP,50024,443,76
192.168.1.143,173.194.128.71,UDP,50024,443,76
192.168.1.143,173.194.128.71,UDP,50024,443,76
173.194.128.71,192.168.1.143,UDP,443,50024,1292
173.194.128.71,192.168.1.143,UDP,443,50024,1292
173.194.128.71,192.168.1.143,UDP,443,50024,1292
192.168.1.143,173.194.128.71,UDP,50024,443,76
192.168.1.143,173.194.128.71,UDP,50024,443,78
192.168.1.143,173.194.128.71,UDP,50024,443,80
173.194.128.71,192.168.1.143,UDP,443,50024,1292
173.194.128.71,192.168.1.143,UDP,443,50024,1292
173.194.128.71,192.168.1.143,UDP,443,50024,1292
192.168.1.143,173.194.128.71,UDP,50024,443,82
192.168.1.143,173.194.128.71,UDP,50024,443,82
192.168.1.143,173.194.128.71,UDP,50024,443,82
173.194.128.71,192.168.1.143,UDP,443,50024,1292
5.78.100.21,192.168.1.143,TCP,443,50024,1464
5.78.100.21,192.168.1.143,TCP,443,50024,1464
192.168.1.143,5.78.100.21,TCP,443,50024,54
192.168.1.143,173.194.128.71,UDP,50024,443,82
173.194.128.71,192.168.1.143,UDP,443,50024,1292
173.194.128.71,192.168.1.143,UDP,443,50024,1292
5.78.100.21,192.168.1.143,TCP,443,50024,60
173.194.128.71,192.168.1.143,UDP,443,50024,1292
173.194.128.71,192.168.1.143,UDP,443,50024,1292
173.194.128.71,192.168.1.143,UDP,443,50024,1292
192.168.1.143,173.194.128.71,UDP,50024,443,84
192.168.1.143,173.194.128.71,UDP,50024,443,86
192.168.1.143,173.194.128.71,UDP,50024,443,86
192.168.1.143,173.194.128.71,UDP,50024,443,88
192.168.1.143,173.194.128.71,UDP,50024,443,88
192.168.1.143,173.194.128.71,UDP,50024,443,71
173.194.128.71,192.168.1.143,UDP,443,50024,1292
192.168.1.143,173.194.128.71,UDP,50024,443,88
173.194.128.71,192.168.1.143,UDP,443,50024,1292
173.194.128.71,192.168.1.143,UDP,443,50024,1292
173.194.128.71,192.168.1.143,UDP,443,50024,1292
192.168.1.143,8.8.8.8,UDP,65395,53,81
192.168.1.143,8.8.8.8,UDP,63214,53,81
192.168.1.143,173.194.128.71,UDP,50024,443,88
192.168.1.143,173.194.128.71,UDP,50024,443,89
173.194.128.71,192.168.1.143,UDP,443,50024,1292
192.168.1.143,173.194.128.71,UDP,50024,443,90
173.194.128.71,192.168.1.143,UDP,443,50024,67
173.194.128.71,192.168.1.143,UDP,443,50024,1292
192.168.1.143,173.194.128.71,UDP,50024,443,76
173.194.128.71,192.168.1.143,UDP,443,50024,1292
173.194.128.71,192.168.1.143,UDP,443,50024,1292
192.168.1.143,173.194.128.71,UDP,50024,443,76
192.168.1.143,173.194.128.71,UDP,50024,443,79
173.194.128.71,192.168.1.143,UDP,443,50024,1292
192.168.1.143,173.194.128.71,UDP,50024,443,80
192.168.1.111,192.168.1.255,UDP,137,137,92
173.194.128.71,192.168.1.143,UDP,443,50024,1292
192.168.1.143,173.194.128.71,UDP,50024,443,82
173.194.128.71,192.168.1.143,UDP,443,50024,1292
192.168.1.143,173.194.128.71,UDP,50024,443,82
192.168.1.143,173.194.128.71,UDP,50024,443,71
173.194.128.71,192.168.1.143,UDP,443,50024,1292
192.168.1.143,173.194.128.71,UDP,50024,443,82
173.194.128.71,192.168.1.143,UDP,443,50024,1292
173.194.128.71,192.168.1.143,UDP,443,50024,67
173.194.128.71,192.168.1.143,UDP,443,50024,1292
192.168.1.143,173.194.128.71,UDP,50024,443,84
192.168.1.143,173.194.128.71,UDP,50024,443,76
173.194.128.71,192.168.1.143,UDP,443,50024,1292
173.194.128.71,192.168.1.143,UDP,443,50024,1292
192.168.1.143,173.194.128.71,UDP,50024,443,76
192.168.1.143,173.194.128.71,UDP,50024,443,78
173.194.128.71,192.168.1.143,UDP,443,50024,1292
192.168.1.143,173.194.128.71,UDP,50024,443,78
173.194.128.71,192.168.1.143,UDP,443,50024,1292
192.168.1.143,173.194.128.71,UDP,50024,443,80
173.194.128.71,192.168.1.143,UDP,443,50024,1292
192.168.1.143,173.194.128.71,UDP,50024,443,80
173.194.128.71,192.168.1.143,UDP,443,50024,1292
173.194.128.71,192.168.1.143,UDP,443,50024,1292
192.168.1.143,173.194.128.71,UDP,50024,443,82
192.168.1.143,173.194.128.71,UDP,50024,443,82
173.194.128.71,192.168.1.143,UDP,443,50024,1292
192.168.1.143,173.194.128.71,UDP,50024,443,82
192.168.1.143,173.194.128.71,UDP,50024,443,71
173.194.128.71,192.168.1.143,UDP,443,50024,1292
192.168.1.143,173.194.128.71,UDP,50024,443,82
173.194.128.71,192.168.1.143,UDP,443,50024,1292
192.168.1.143,173.194.128.71,UDP,50024,443,84
173.194.128.71,192.168.1.143,UDP,443,50024,67
173.194.128.71,192.168.1.143,UDP,443,50024,1292
173.194.128.71,192.168.1.143,UDP,443,50024,1292
173.194.128.71,192.168.1.143,UDP,443,50024,1292
192.168.1.143,173.194.128.71,UDP,50024,443,78
192.168.1.143,173.194.128.71,UDP,50024,443,78
192.168.1.143,173.194.128.71,UDP,50024,443,78
192.168.1.143,8.8.8.8,UDP,57987,53,70
192.168.1.143,8.8.8.8,UDP,52721,53,70
173.194.128.71,192.168.1.143,UDP,443,50024,1292
192.168.1.143,173.194.128.71,UDP,50024,443,78
8.8.8.8,192.168.1.143,UDP,53,57987,102
8.8.8.8,192.168.1.143,UDP,53,52721,146
173.194.128.71,192.168.1.143,UDP,443,50024,1292
192.168.1.143,8.8.4.4,UDP,51874,443,1292
192.168.1.143,8.8.4.4,UDP,51874,443,1292
192.168.1.143,8.8.4.4,UDP,51874,443,123
192.168.1.143,8.8.4.4,UDP,51874,443,304
192.168.1.143,8.8.4.4,UDP,51874,443,259
192.168.1.143,173.194.128.71,UDP,50024,443,79
173.194.128.71,192.168.1.143,UDP,443,50024,1292
8.8.4.4,192.168.1.143,UDP,443,51874,1292
173.194.128.71,192.168.1.143,UDP,443,50024,1292
192.168.1.143,173.194.128.71,UDP,50024,443,79
192.168.1.143,173.194.128.71,UDP,50024,443,79
192.168.1.143,173.194.128.71,UDP,50024,443,71
173.194.128.71,192.168.1.143,UDP,443,50024,1292
192.168.1.143,173.194.128.71,UDP,50024,443,79
173.194.128.71,192.168.1.143,UDP,443,50024,1292
192.168.1.143,8.8.4.4,UDP,51874,443,1292
173.194.128.71,192.168.1.143,UDP,443,50024,67
173.194.128.71,192.168.1.143,UDP,443,50024,1292
192.168.1.143,173.194.128.71,UDP,50024,443,79
173.194.128.71,192.168.1.143,UDP,443,50024,1292
192.168.1.143,173.194.128.71,UDP,50024,443,75
8.8.4.4,192.168.1.143,UDP,443,51874,1292
173.194.128.71,192.168.1.143,UDP,443,50024,1292
192.168.1.143,173.194.128.71,UDP,50024,443,75
192.168.1.143,173.194.128.71,UDP,50024,443,75
173.194.128.71,192.168.1.143,UDP,443,50024,1292
192.168.1.143,173.194.128.71,UDP,50024,443,75
192.168.1.111,192.168.1.255,UDP,137,137,92
8.8.4.4,192.168.1.143,UDP,443,51874,1292
192.168.1.143,8.8.4.4,UDP,51874,443,79
173.194.128.71,192.168.1.143,UDP,443,50024,1292
173.194.128.71,192.168.1.143,UDP,443,50024,1292
192.168.1.143,173.194.128.71,UDP,50024,443,76
192.168.1.143,173.194.128.71,UDP,50024,443,76
173.194.128.71,192.168.1.143,UDP,443,50024,1292
192.168.1.143,173.194.128.71,UDP,50024,443,76
192.168.1.143,8.8.8.8,UDP,64082,53,81
192.168.1.143,8.8.8.8,UDP,52751,53,81
192.168.1.143,8.8.4.4,UDP,51874,443,79
173.194.128.71,192.168.1.143,UDP,443,50024,1292
192.168.1.143,173.194.128.71,UDP,50024,443,76
192.168.1.143,173.194.128.71,UDP,50024,443,71
173.194.128.71,192.168.1.143,UDP,443,50024,1292
192.168.1.143,173.194.128.71,UDP,50024,443,78
173.194.128.71,192.168.1.143,UDP,443,50024,1292
192.168.1.143,173.194.128.71,UDP,50024,443,78
173.194.128.71,192.168.1.143,UDP,443,50024,67
173.194.128.71,192.168.1.143,UDP,443,50024,1292
192.168.1.143,173.194.128.71,UDP,50024,443,76
173.194.128.71,192.168.1.143,UDP,443,50024,1292
192.168.1.143,8.8.4.4,UDP,51874,443,79
192.168.1.143,173.194.128.71,UDP,50024,443,77
192.168.1.143,8.8.8.8,UDP,51080,53,77
192.168.1.143,8.8.8.8,UDP,55769,53,77
192.168.1.143,8.8.8.8,UDP,56372,53,77
173.194.128.71,192.168.1.143,UDP,443,50024,1292
192.168.1.143,173.194.128.71,UDP,50024,443,78
173.194.128.71,192.168.1.143,UDP,443,50024,1292
192.168.1.143,173.194.128.71,UDP,50024,443,80
173.194.128.71,192.168.1.143,UDP,443,50024,1292
192.168.1.143,173.194.128.71,UDP,50024,443,80
173.194.128.71,192.168.1.143,UDP,443,50024,1292
173.194.128.71,192.168.1.143,UDP,443,50024,1292
173.194.128.71,192.168.1.143,UDP,443,50024,1292
173.194.128.71,192.168.1.143,UDP,443,50024,1292
173.194.128.71,192.168.1.143,UDP,443,50024,1292
192.168.1.143,173.194.128.71,UDP,50024,443,80
192.168.1.143,173.194.128.71,UDP,50024,443,80
192.168.1.143,173.194.128.71,UDP,50024,443,82
192.168.1.143,173.194.128.71,UDP,50024,443,82
192.168.1.143,173.194.128.71,UDP,50024,443,71
192.168.1.143,8.8.4.4,UDP,51874,443,79
192.168.1.143,142.251.47.206,UDP,56179,443,1212
8.8.4.4,192.168.1.143,UDP,443,51874,303
173.194.128.71,192.168.1.143,UDP,443,50024,1292
192.168.1.143,173.194.128.71,UDP,50024,443,84
192.168.1.143,8.8.4.4,UDP,51874,443,120
8.8.4.4,192.168.1.143,UDP,443,51874,1015
142.251.47.206,192.168.1.143,UDP,443,56179,72
173.194.128.71,192.168.1.143,UDP,443,50024,1292
192.168.1.143,8.8.4.4,UDP,51874,443,159
192.168.1.143,173.194.128.71,UDP,50024,443,76
192.168.1.143,192.178.54.163,UDP,59276,443,1288
192.168.1.143,192.178.54.163,UDP,59276,443,410
8.8.4.4,192.168.1.143,UDP,443,51874,163
192.168.1.143,8.8.4.4,UDP,51874,443,75
192.168.1.143,142.251.47.206,UDP,56179,443,75
173.194.128.71,192.168.1.143,UDP,443,50024,1292
192.168.1.143,173.194.128.71,UDP,50024,443,76
8.8.4.4,192.168.1.143,UDP,443,51874,596
192.168.1.143,8.8.4.4,UDP,51874,443,81
173.194.128.71,192.168.1.143,UDP,443,50024,1292
192.168.1.143,173.194.128.71,UDP,50024,443,76
192.178.54.163,192.168.1.143,UDP,443,59276,69
192.168.1.143,142.251.47.110,UDP,64736,443,1292
192.168.1.143,142.251.47.110,UDP,64736,443,1292
192.168.1.143,142.251.47.110,UDP,64736,443,124
173.194.128.71,192.168.1.143,UDP,443,50024,1292
192.178.54.163,192.168.1.143,UDP,443,59276,66
8.8.4.4,192.168.1.143,UDP,443,51874,69
192.168.1.143,192.178.54.163,UDP,59276,443,74
142.251.47.110,192.168.1.143,UDP,443,64736,1292
173.194.128.71,192.168.1.143,UDP,443,50024,1292
192.168.1.143,173.194.128.71,UDP,50024,443,76
173.194.128.71,192.168.1.143,UDP,443,50024,1292
8.8.4.4,192.168.1.143,UDP,443,51874,1292
192.168.1.143,173.194.128.71,UDP,50024,443,77
192.168.1.143,142.251.47.110,UDP,64736,443,1292
173.194.128.71,192.168.1.143,UDP,443,50024,1292
192.168.1.143,8.8.4.4,UDP,51874,443,74
192.168.1.143,173.194.128.71,UDP,50024,443,77
142.251.47.206,192.168.1.143,UDP,443,56179,112
142.251.47.206,192.168.1.143,UDP,443,56179,65
192.168.1.143,142.251.47.206,UDP,56179,443,79
192.168.1.143,173.194.128.71,UDP,50024,443,71
192.168.1.143,142.251.47.206,UDP,56179,443,75
173.194.128.71,192.168.1.143,UDP,443,50024,1292
173.194.128.71,192.168.1.143,UDP,443,50024,1292
192.168.1.143,173.194.128.71,UDP,50024,443,78
192.168.1.143,173.194.128.71,UDP,50024,443,78
142.251.47.206,192.168.1.143,UDP,443,56179,68
192.168.1.143,142.251.47.110,UDP,64736,443,1292
173.194.128.71,192.168.1.143,UDP,443,50024,1292
192.168.1.143,173.194.128.71,UDP,50024,443,80
192.168.1.143,192.178.54.163,UDP,59276,443,71
192.178.54.163,192.168.1.143,UDP,443,59276,105
173.194.128.71,192.168.1.143,UDP,443,50024,1292
173.194.128.71,192.168.1.143,UDP,443,50024,1285
173.194.128.71,192.168.1.143,UDP,443,50024,1292
142.251.47.110,192.168.1.143,UDP,443,64736,344
192.168.1.143,173.194.128.71,UDP,50024,443,82
192.168.1.143,173.194.128.71,UDP,50024,443,84
192.168.1.143,173.194.128.71,UDP,50024,443,84
192.168.1.143,192.178.54.163,UDP,59276,443,79
192.168.1.143,173.194.128.71,UDP,50024,443,71
192.168.1.143,142.251.47.110,UDP,64736,443,1292
192.168.1.143,192.178.54.163,UDP,59276,443,72
192.178.54.163,192.168.1.143,UDP,443,59276,63
192.168.1.143,192.178.54.163,UDP,59276,443,78
192.168.1.143,192.178.54.163,UDP,59276,443,77
142.251.47.110,192.168.1.143,UDP,443,64736,1292
192.178.54.163,192.168.1.143,UDP,443,59276,65
173.194.128.71,192.168.1.143,UDP,443,50024,1292
192.168.1.143,142.251.47.110,UDP,64736,443,1292
192.168.1.143,142.251.47.110,UDP,64736,443,115
192.168.1.143,173.194.128.71,UDP,50024,443,86
192.168.1.143,142.251.47.110,UDP,64736,443,1288
192.168.1.143,142.251.47.110,UDP,64736,443,807
192.168.1.143,8.8.8.8,UDP,56897,53,77
192.168.1.143,8.8.8.8,UDP,60802,53,77
192.168.1.143,8.8.8.8,UDP,58826,53,77
192.168.1.143,142.251.47.110,UDP,64736,443,189
192.168.1.143,173.194.128.71,UDP,56075,443,1292
192.178.54.163,192.168.1.143,UDP,443,59276,63
192.168.1.143,192.178.54.163,UDP,59276,443,79
192.168.1.143,173.194.128.71,UDP,50024,443,71
8.8.8.8,192.168.1.143,UDP,53,56897,125
142.251.47.110,192.168.1.143,UDP,443,64736,71
192.168.1.143,172.67.75.39,TCP,443,64736,66
192.168.1.143,172.67.75.39,TCP,443,64736,66
142.251.47.110,192.168.1.143,UDP,443,64736,602
173.194.128.71,192.168.1.143,UDP,443,50024,1292
172.67.75.39,192.168.1.143,TCP,443,50024,66
192.168.1.143,172.67.75.39,TCP,443,50024,54
192.168.1.143,142.251.47.110,UDP,64736,443,79
192.168.1.143,173.194.128.71,UDP,50024,443,88
173.194.128.71,192.168.1.143,UDP,443,50024,1292
142.251.47.110,192.168.1.143,UDP,443,64736,166
192.168.1.143,173.194.128.71,UDP,50024,443,88
192.168.1.143,142.251.47.110,UDP,64736,443,77
192.168.1.143,172.67.75.39,TCP,64736,443,623
192.168.1.143,142.251.47.110,UDP,64736,443,72
192.168.1.143,173.194.128.71,UDP,56075,443,1292
142.251.47.110,192.168.1.143,UDP,443,64736,64
192.168.1.143,142.251.47.110,UDP,64736,443,77
172.67.75.39,192.168.1.143,TCP,64736,443,60
172.67.75.39,192.168.1.143,TCP,64736,443,1464
173.194.128.71,192.168.1.143,UDP,443,50024,1292
142.251.47.110,192.168.1.143,UDP,443,64736,67
192.168.1.143,173.194.128.71,UDP,50024,443,90
173.194.128.71,192.168.1.143,UDP,443,56075,1292
192.168.1.143,173.194.128.71,UDP,56075,443,90
192.168.1.143,173.194.128.71,UDP,56075,443,71
192.168.1.143,173.194.128.71,UDP,56075,443,71
173.194.128.71,192.168.1.143,UDP,443,50024,1292
192.168.1.143,173.194.128.71,UDP,56075,443,92
192.168.1.143,172.67.75.39,TCP,56075,443,66
192.168.1.143,172.67.75.39,TCP,56075,443,54
173.194.128.71,192.168.1.143,UDP,443,56075,1292
192.168.1.143,173.194.128.71,UDP,56075,443,94
172.67.75.39,192.168.1.143,TCP,56075,443,66
192.168.1.143,172.67.75.39,TCP,56075,443,54
192.168.1.143,172.67.75.39,TCP,56075,443,623
172.67.75.39,192.168.1.143,TCP,56075,443,1464
192.168.1.143,172.67.75.39,TCP,56075,443,54
172.67.75.39,192.168.1.143,TCP,56075,443,166
192.168.1.143,172.67.75.39,TCP,56075,443,66
172.67.75.39,192.168.1.143,TCP,56075,443,1464
192.168.1.143,172.67.75.39,TCP,56075,443,66
172.67.75.39,192.168.1.143,TCP,56075,443,1464
192.168.1.143,172.67.75.39,TCP,56075,443,54
173.194.128.71,192.168.1.143,UDP,443,56075,1292
192.168.1.143,172.67.75.39,TCP,443,56075,118
192.168.1.143,172.67.75.39,TCP,443,56075,146
192.168.1.143,172.67.75.39,TCP,443,56075,603
192.168.1.143,173.194.128.71,UDP,56075,443,96
172.67.75.39,192.168.1.143,TCP,56075,443,166
192.168.1.143,172.67.75.39,TCP,56075,443,66
172.67.75.39,192.168.1.143,TCP,56075,443,582
192.168.1.143,172.67.75.39,TCP,56075,443,85
172.67.75.39,192.168.1.143,TCP,56075,443,699
172.67.75.39,192.168.1.143,TCP,56075,443,1445
192.168.1.143,172.67.75.39,TCP,56075,443,66
192.168.1.143,172.67.75.39,TCP,56075,443,66
172.67.75.39,192.168.1.143,TCP,56075,443,725
172.67.75.39,192.168.1.143,TCP,56075,443,121
192.168.1.143,172.67.75.39,TCP,56075,443,66
192.168.1.143,172.67.75.39,TCP,56075,443,66
173.194.128.71,192.168.1.143,UDP,443,56075,1292
192.168.1.143,173.194.128.71,UDP,56075,443,98
192.168.1.143,8.8.8.8,UDP,58902,53,81
173.194.128.71,192.168.1.143,UDP,443,56075,1292
192.168.1.143,173.194.128.71,UDP,56075,443,100
192.168.1.143,173.194.128.71,UDP,56075,443,71
8.8.8.8,192.168.1.143,UDP,53,58902,241
192.168.1.143,13.107.42.16,TCP,53,58902,66
173.194.128.71,192.168.1.143,UDP,443,56075,1291
192.168.1.143,173.194.128.71,UDP,56075,443,102
173.194.128.71,192.168.1.143,UDP,443,56075,72
173.194.128.71,192.168.1.143,UDP,443,56075,1292
173.194.128.71,192.168.1.143,UDP,443,56075,1292
192.168.1.143,173.194.128.71,UDP,56075,443,76
192.168.1.143,173.194.128.71,UDP,56075,443,76
192.168.1.143,172.67.75.39,TCP,56075,443,85
173.194.128.71,192.168.1.143,UDP,443,56075,1292
192.168.1.143,173.194.128.71,UDP,56075,443,77
172.67.75.39,192.168.1.143,TCP,56075,443,85
192.168.1.143,172.67.75.39,TCP,56075,443,54
172.67.75.39,192.168.1.143,TCP,56075,443,1464
172.67.75.39,192.168.1.143,TCP,56075,443,66
192.168.1.143,172.67.75.39,TCP,56075,443,66
173.194.128.71,192.168.1.143,UDP,443,56075,1292
192.168.1.143,20.54.36.229,TCP,443,56075,98
192.168.1.143,173.194.128.71,UDP,56075,443,77
172.67.75.39,192.168.1.143,TCP,56075,443,1464
192.168.1.143,172.67.75.39,TCP,56075,443,54
192.168.1.143,172.67.75.39,TCP,56075,443,118
173.194.128.71,192.168.1.143,UDP,443,56075,1292
192.168.1.143,173.194.128.71,UDP,56075,443,78
192.168.1.143,173.194.128.71,UDP,56075,443,71
192.168.1.143,13.107.42.16,TCP,56075,443,66
172.67.75.39,192.168.1.143,TCP,56075,443,582
173.194.128.71,192.168.1.143,UDP,443,56075,1292
192.168.1.143,172.67.75.39,TCP,443,56075,66
172.67.75.39,192.168.1.143,TCP,443,56075,66
192.168.1.143,172.67.75.39,TCP,443,56075,54
192.168.1.143,172.67.75.39,TCP,443,56075,798
13.107.42.16,192.168.1.143,TCP,443,56075,66
192.168.1.143,13.107.42.16,TCP,443,56075,54
192.168.1.143,13.107.42.16,TCP,443,56075,659
192.168.1.143,173.194.128.71,UDP,56075,443,79
172.67.75.39,192.168.1.143,TCP,56075,443,60
172.67.75.39,192.168.1.143,TCP,56075,443,341
192.168.1.143,172.67.75.39,TCP,56075,443,118
13.107.42.16,192.168.1.143,TCP,56075,443,60
13.107.42.16,192.168.1.143,TCP,56075,443,1464
173.194.128.71,192.168.1.143,UDP,443,56075,1292
192.168.1.143,172.67.75.39,TCP,443,56075,54
20.54.36.229,192.168.1.143,TCP,443,56075,229
172.67.75.39,192.168.1.143,TCP,443,56075,582
192.168.1.143,173.194.128.71,UDP,56075,443,80
192.168.1.143,173.194.128.71,UDP,56075,443,71
173.194.128.71,192.168.1.143,UDP,443,56075,1292
192.168.1.143,173.194.128.71,UDP,56075,443,80
173.194.128.71,192.168.1.143,UDP,443,56075,1292
173.194.128.71,192.168.1.143,UDP,443,56075,68
192.168.1.143,20.54.36.229,TCP,443,56075,54
192.168.1.143,172.67.75.39,TCP,443,56075,54
192.168.1.143,173.194.128.71,UDP,56075,443,80
192.168.1.143,13.107.42.16,TCP,56075,443,54
173.194.128.71,192.168.1.143,UDP,443,56075,1285
173.194.128.71,192.168.1.143,UDP,443,56075,1292
192.168.1.143,173.194.128.71,UDP,56075,443,75
173.194.128.71,192.168.1.143,UDP,443,56075,1292
192.168.1.143,173.194.128.71,UDP,56075,443,75
173.194.128.71,192.168.1.143,UDP,443,56075,1292
192.168.1.143,173.194.128.71,UDP,56075,443,75
173.194.128.71,192.168.1.143,UDP,443,56075,1292
192.168.1.143,173.194.128.71,UDP,56075,443,75
192.168.1.143,173.194.128.71,UDP,56075,443,71
173.194.128.71,192.168.1.143,UDP,443,56075,1292
192.168.1.143,173.194.128.71,UDP,56075,443,75
173.194.128.71,192.168.1.143,UDP,443,56075,67
173.194.128.71,192.168.1.143,UDP,443,56075,1292
173.194.128.71,192.168.1.143,UDP,443,56075,1292
173.194.128.71,192.168.1.143,UDP,443,56075,1292
13.107.42.16,192.168.1.143,TCP,443,56075,1464
192.168.1.143,173.194.128.71,UDP,56075,443,74
192.168.1.143,13.107.42.16,TCP,56075,443,54
173.194.128.71,192.168.1.143,UDP,443,56075,1292
173.194.128.71,192.168.1.143,UDP,443,56075,1292
173.194.128.71,192.168.1.143,UDP,443,56075,1292
173.194.128.71,192.168.1.143,UDP,443,56075,1292
173.194.128.71,192.168.1.143,UDP,443,56075,1292
192.168.1.143,13.107.42.16,TCP,443,56075,66
173.194.128.71,192.168.1.143,UDP,443,56075,1292
13.107.42.16,192.168.1.143,TCP,443,56075,62
192.168.1.143,13.107.42.16,TCP,443,56075,54
192.168.1.143,13.107.42.16,TCP,443,56075,627
13.107.42.16,192.168.1.143,TCP,443,56075,60
173.194.128.71,192.168.1.143,UDP,443,56075,1292
192.168.1.143,173.194.128.71,UDP,56075,443,76
192.168.1.143,173.194.128.71,UDP,56075,443,76
192.168.1.143,173.194.128.71,UDP,56075,443,76
192.168.1.143,173.194.128.71,UDP,56075,443,76
192.168.1.143,173.194.128.71,UDP,56075,443,78
192.168.1.143,173.194.128.71,UDP,56075,443,80
192.168.1.143,173.194.128.71,UDP,56075,443,71
173.194.128.71,192.168.1.143,UDP,443,56075,1292
173.194.128.71,192.168.1.143,UDP,443,56075,67
173.194.128.71,192.168.1.143,UDP,443,56075,1292
173.194.128.71,192.168.1.143,UDP,443,56075,1292
192.168.1.143,172.67.75.39,UDP,52313,443,1292
192.168.1.143,172.67.75.39,TCP,52313,443,240
192.168.1.143,173.194.128.71,UDP,56075,443,80
192.168.1.143,173.194.128.71,UDP,56075,443,75
173.194.128.71,192.168.1.143,UDP,443,56075,1292
172.67.75.39,192.168.1.143,TCP,443,56075,60
172.67.75.39,192.168.1.143,UDP,443,52313,1242
192.168.1.143,173.194.128.71,UDP,56075,443,75
172.67.75.39,192.168.1.143,UDP,443,52313,1242
172.67.75.39,192.168.1.143,UDP,443,52313,1242
172.67.75.39,192.168.1.143,UDP,443,52313,1242
172.67.75.39,192.168.1.143,UDP,443,52313,1199
172.67.75.39,192.168.1.143,TCP,443,52313,500
172.67.75.39,192.168.1.143,TCP,443,52313,1066
192.168.1.143,172.67.75.39,TCP,443,52313,54
192.168.1.143,172.67.75.39,UDP,52313,443,93
172.67.75.39,192.168.1.143,TCP,52313,443,85
173.194.128.71,192.168.1.143,UDP,443,56075,1292
172.67.75.39,192.168.1.143,UDP,443,52313,557
173.194.128.71,192.168.1.143,UDP,443,56075,1292
173.194.128.71,192.168.1.143,UDP,443,56075,1292
192.168.1.143,172.67.75.39,TCP,443,56075,54
173.194.128.71,192.168.1.143,UDP,443,56075,1292
173.194.128.71,192.168.1.143,UDP,443,56075,1292
173.194.128.71,192.168.1.143,UDP,443,56075,1292
192.168.1.143,172.67.75.39,UDP,52313,443,94
192.168.1.143,172.67.75.39,UDP,52313,443,127
192.168.1.143,172.67.75.39,UDP,52313,443,127
173.194.128.71,192.168.1.143,UDP,443,56075,1292
192.168.1.143,8.8.8.8,UDP,63919,53,70
192.168.1.143,8.8.8.8,UDP,52215,53,70
192.168.1.143,8.8.8.8,UDP,53458,53,70
192.168.1.143,8.8.8.8,UDP,54947,53,70
192.168.1.143,8.8.8.8,UDP,56437,53,70
192.168.1.143,8.8.8.8,UDP,59119,53,70
192.168.1.143,173.194.128.71,UDP,56075,443,76
192.168.1.143,173.194.128.71,UDP,56075,443,76
192.168.1.143,173.194.128.71,UDP,56075,443,76
192.168.1.143,173.194.128.71,UDP,56075,443,71
192.168.1.143,8.8.4.4,UDP,51874,443,263
192.168.1.143,8.8.4.4,UDP,51874,443,252
173.194.128.71,192.168.1.143,UDP,443,56075,1292
8.8.8.8,192.168.1.143,UDP,53,56437,102
192.168.1.143,8.8.4.4,TCP,53,56437,66
173.194.128.71,192.168.1.143,UDP,443,56075,1292
173.194.128.71,192.168.1.143,UDP,443,56075,67
192.168.1.143,172.67.75.39,UDP,52313,443,212
173.194.128.71,192.168.1.143,UDP,443,56075,1292
8.8.4.4,192.168.1.143,TCP,443,56075,66
192.168.1.143,8.8.4.4,TCP,443,56075,54
192.168.1.143,8.8.4.4,TCP,443,56075,584
173.194.128.71,192.168.1.143,UDP,443,56075,1292
8.8.4.4,192.168.1.143,TCP,443,56075,60
173.194.128.71,192.168.1.143,UDP,443,56075,1292
8.8.4.4,192.168.1.143,UDP,443,51874,64
192.168.1.143,172.67.75.39,UDP,52313,443,212
192.168.1.143,88.221.246.61,TCP,52313,443,440
192.168.1.143,173.194.128.71,UDP,56075,443,76
192.168.1.143,8.8.4.4,UDP,51874,443,75
192.168.1.143,8.8.4.4,UDP,51874,443,263
192.168.1.143,173.194.128.71,UDP,56075,443,75
88.221.246.61,192.168.1.143,TCP,56075,443,359
8.8.4.4,192.168.1.143,UDP,443,51874,1117
192.168.1.143,88.221.246.61,TCP,443,51874,54
8.8.4.4,192.168.1.143,UDP,443,51874,67
8.8.4.4,192.168.1.143,TCP,443,51874,416
192.168.1.143,8.8.4.4,TCP,443,51874,66
173.194.128.71,192.168.1.143,UDP,443,56075,1292
172.67.75.39,192.168.1.143,UDP,443,52313,578
192.168.1.143,10.10.29.240,TCP,443,52313,66
173.194.128.71,192.168.1.143,UDP,443,56075,1292
173.194.128.71,192.168.1.143,UDP,443,56075,1292
8.8.4.4,192.168.1.143,UDP,443,51874,1117
173.194.128.71,192.168.1.143,UDP,443,56075,1292
192.168.1.143,8.8.4.4,UDP,51874,443,80
192.168.1.143,8.8.4.4,UDP,51874,443,75
192.168.1.143,173.194.128.71,UDP,56075,443,76
192.168.1.143,173.194.128.71,UDP,56075,443,78
192.168.1.143,173.194.128.71,UDP,56075,443,78
192.168.1.143,173.194.128.71,UDP,56075,443,80
192.168.1.143,173.194.128.71,UDP,56075,443,71
192.168.1.143,34.0.38.213,TCP,56075,443,54
192.168.1.143,34.0.38.213,TCP,56075,443,54
192.168.1.143,162.159.153.247,TCP,56075,443,54
192.168.1.143,104.26.13.248,TCP,56075,443,54
192.168.1.143,151.101.1.21,TCP,56075,443,66
192.168.1.143,172.67.75.39,UDP,52313,443,86
173.194.128.71,192.168.1.143,UDP,443,56075,67
162.159.153.247,192.168.1.143,TCP,443,56075,60
173.194.128.71,192.168.1.143,UDP,443,56075,1292
192.168.1.143,162.159.153.247,TCP,443,56075,54
172.67.75.39,192.168.1.143,UDP,443,52313,71
172.67.75.39,192.168.1.143,UDP,443,52313,66
172.67.75.39,192.168.1.143,UDP,443,52313,91
173.194.128.71,192.168.1.143,UDP,443,56075,1292
173.194.128.71,192.168.1.143,UDP,443,56075,1292
173.194.128.71,192.168.1.143,UDP,443,56075,1292
192.168.1.143,173.194.128.71,UDP,56075,443,76
192.168.1.143,173.194.128.71,UDP,56075,443,77
192.168.1.143,173.194.128.71,UDP,56075,443,76
192.168.1.143,172.67.75.39,UDP,52313,443,85
192.168.1.143,172.67.75.39,UDP,52313,443,89
192.168.1.143,172.67.75.39,UDP,52313,443,596
192.168.1.143,8.8.4.4,TCP,52313,443,66
173.194.128.71,192.168.1.143,UDP,443,56075,1292
34.0.38.213,192.168.1.143,TCP,443,56075,60
172.67.75.39,192.168.1.143,UDP,443,52313,70
173.194.128.71,192.168.1.143,UDP,443,56075,1292
192.168.1.111,192.168.1.255,UDP,137,137,92
173.194.128.71,192.168.1.143,UDP,443,56075,1292
173.194.128.71,192.168.1.143,UDP,443,56075,1292
173.194.128.71,192.168.1.143,UDP,443,56075,1292
13.107.42.16,192.168.1.143,TCP,443,56075,1464
192.168.1.143,173.194.128.71,UDP,56075,443,76
192.168.1.143,173.194.128.71,UDP,56075,443,78
192.168.1.143,173.194.128.71,UDP,56075,443,78
192.168.1.143,173.194.128.71,UDP,56075,443,78
192.168.1.143,8.8.4.4,UDP,51874,443,73
192.168.1.143,173.194.128.71,UDP,56075,443,71
192.168.1.143,52.182.143.213,TCP,56075,443,54
5.78.100.21,192.168.1.143,TCP,56075,443,1464
192.168.1.143,5.78.100.21,TCP,56075,443,54
192.168.1.143,8.8.8.8,UDP,57613,53,70
192.168.1.143,8.8.8.8,UDP,64194,53,70
192.168.1.143,8.8.8.8,UDP,65162,53,70
192.168.1.143,8.8.8.8,UDP,53725,53,70
173.194.128.71,192.168.1.143,UDP,443,56075,1292
8.8.4.4,192.168.1.143,UDP,443,51874,67
173.194.128.71,192.168.1.143,UDP,443,56075,67
173.194.128.71,192.168.1.143,UDP,443,56075,1292
8.8.4.4,192.168.1.143,TCP,443,56075,66
192.168.1.143,8.8.4.4,TCP,443,56075,54
8.8.8.8,192.168.1.143,UDP,53,57613,102
8.8.8.8,192.168.1.143,UDP,53,53725,146
52.108.56.17,192.168.1.143,TCP,53,53725,87
173.194.128.71,192.168.1.143,UDP,443,56075,1292
192.168.1.143,13.107.42.16,TCP,443,56075,54
192.168.1.143,52.108.56.17,TCP,443,56075,54
173.194.128.71,192.168.1.143,UDP,443,56075,1292
192.168.1.143,10.10.29.240,TCP,443,56075,66
52.182.143.213,192.168.1.143,TCP,443,56075,60
192.168.1.143,52.182.143.213,TCP,443,56075,54
192.168.1.143,173.194.128.71,UDP,56075,443,78
192.168.1.143,173.194.128.71,UDP,56075,443,76
5.78.100.21,192.168.1.143,TCP,56075,443,1464
192.168.1.143,5.78.100.21,TCP,56075,443,66
192.168.1.143,8.8.4.4,TCP,56075,443,584
192.168.1.143,172.67.75.39,UDP,52313,443,88
192.168.1.143,172.67.75.39,UDP,52313,443,596
8.8.4.4,192.168.1.143,TCP,52313,443,60
173.194.128.71,192.168.1.143,UDP,443,56075,1292
142.251.47.110,192.168.1.143,UDP,443,64736,1292
173.194.128.71,192.168.1.143,UDP,443,56075,1292
173.194.128.71,192.168.1.143,UDP,443,56075,1292
192.168.1.143,8.8.8.8,TCP,443,56075,66
192.168.1.143,8.8.8.8,TCP,443,56075,66
192.168.1.143,173.194.128.71,UDP,56075,443,78
192.168.1.143,173.194.128.71,UDP,56075,443,78
192.168.1.143,173.194.128.71,UDP,56075,443,78
192.168.1.143,142.251.47.110,UDP,64736,443,75
173.194.128.71,192.168.1.143,UDP,443,56075,1292
151.101.1.21,192.168.1.143,TCP,443,56075,66
192.168.1.143,151.101.1.21,TCP,443,56075,54
192.168.1.143,8.8.8.8,UDP,53327,53,94
192.168.1.143,8.8.8.8,UDP,52010,53,94
8.8.4.4,192.168.1.143,TCP,52010,53,1464
8.8.8.8,192.168.1.143,TCP,52010,53,66
192.168.1.143,8.8.8.8,TCP,52010,53,54
192.168.1.143,8.8.8.8,TCP,52010,53,571
173.194.128.71,192.168.1.143,UDP,443,56075,1292
8.8.8.8,192.168.1.143,UDP,53,53327,214
8.8.8.8,192.168.1.143,TCP,53,53327,60
192.168.1.143,172.165.69.228,TCP,53,53327,66
192.168.1.143,8.8.4.4,TCP,53,53327,54
172.67.75.39,192.168.1.143,UDP,443,52313,1242
172.67.75.39,192.168.1.143,UDP,443,52313,76
192.168.1.143,52.70.125.53,TCP,443,52313,55
8.8.8.8,192.168.1.143,TCP,443,52313,415
192.168.1.143,8.8.8.8,TCP,443,52313,66
173.194.128.71,192.168.1.143,UDP,443,56075,1292
8.8.4.4,192.168.1.143,TCP,443,56075,415
192.168.1.143,8.8.4.4,TCP,443,56075,66
192.168.1.143,173.194.128.71,UDP,56075,443,78
192.168.1.143,173.194.128.71,UDP,56075,443,80
192.168.1.143,151.101.1.21,TCP,56075,443,1464
192.168.1.143,151.101.1.21,TCP,56075,443,374
192.168.1.143,173.194.128.71,UDP,56075,443,71
8.8.4.4,192.168.1.143,TCP,56075,443,1464
192.168.1.143,8.8.4.4,TCP,56075,443,66
192.168.1.143,172.67.75.39,UDP,52313,443,87
192.168.1.143,172.67.75.39,UDP,52313,443,87
192.168.1.143,172.165.69.228,TCP,52313,443,66
192.168.1.143,8.8.4.4,TCP,52313,443,66
8.8.4.4,192.168.1.143,TCP,52313,443,1464
8.8.4.4,192.168.1.143,TCP,52313,443,1464
192.168.1.143,8.8.4.4,TCP,52313,443,66
192.168.1.143,8.8.4.4,TCP,52313,443,54
173.194.128.71,192.168.1.143,UDP,443,56075,1292
192.168.1.143,239.255.255.250,UDP,52011,1900,217
172.67.75.39,192.168.1.143,UDP,443,52313,1242
151.101.1.21,192.168.1.143,TCP,443,52313,60
8.8.4.4,192.168.1.143,TCP,443,52313,1464
172.67.75.39,192.168.1.143,UDP,443,52313,1242
151.101.1.21,192.168.1.143,TCP,443,52313,1464
192.168.1.143,8.8.4.4,TCP,443,52313,66
192.168.1.143,8.8.4.4,TCP,443,52313,128
192.168.1.143,172.67.75.39,UDP,52313,443,85
192.168.1.143,8.8.8.8,TCP,52313,443,66
192.168.1.143,8.8.4.4,TCP,52313,443,146
192.168.1.143,8.8.4.4,TCP,52313,443,54
192.168.1.143,8.8.4.4,TCP,52313,443,282
192.168.1.143,8.8.4.4,TCP,52313,443,242
192.168.1.143,8.8.4.4,TCP,52313,443,242
192.168.1.143,173.194.128.71,UDP,56075,443,80
173.194.128.71,192.168.1.143,UDP,443,56075,1292
192.168.1.143,173.194.128.71,UDP,56075,443,82
8.8.4.4,192.168.1.143,TCP,56075,443,60
192.168.1.143,8.8.4.4,TCP,56075,443,66
8.8.4.4,192.168.1.143,TCP,56075,443,341
8.8.4.4,192.168.1.143,TCP,56075,443,553
8.8.4.4,192.168.1.143,TCP,56075,443,652
8.8.4.4,192.168.1.143,TCP,56075,443,85
192.168.1.143,8.8.4.4,TCP,56075,443,66
192.168.1.143,8.8.4.4,TCP,56075,443,66
192.168.1.143,8.8.4.4,TCP,56075,443,74
192.168.1.143,8.8.4.4,TCP,56075,443,74
8.8.8.8,192.168.1.143,TCP,56075,443,1464
192.168.1.143,8.8.8.8,TCP,56075,443,66
173.194.128.71,192.168.1.143,UDP,443,56075,1292
192.168.1.143,151.101.1.21,TCP,443,56075,54
192.168.1.143,173.194.128.71,UDP,56075,443,85
8.8.4.4,192.168.1.143,TCP,56075,443,1033
8.8.8.8,192.168.1.143,TCP,56075,443,1464
192.168.1.143,8.8.4.4,TCP,56075,443,66
192.168.1.143,8.8.8.8,TCP,56075,443,66
192.168.1.143,8.8.4.4,TCP,56075,443,85
8.8.8.8,192.168.1.143,TCP,56075,443,1464
52.70.125.53,192.168.1.143,TCP,56075,443,66
192.168.1.143,8.8.8.8,TCP,56075,443,54
192.168.1.143,8.8.8.8,TCP,56075,443,128
192.168.1.143,8.8.8.8,TCP,56075,443,146
192.168.1.143,8.8.8.8,TCP,56075,443,282
192.168.1.143,8.8.8.8,TCP,56075,443,242
192.168.1.143,8.8.8.8,TCP,56075,443,242
192.168.1.143,8.8.4.4,UDP,51874,443,251
192.168.1.143,8.8.4.4,UDP,51874,443,252
173.194.128.71,192.168.1.143,UDP,443,56075,1292
192.168.1.143,173.194.128.71,UDP,56075,443,84
172.165.69.228,192.168.1.143,TCP,56075,443,66
8.8.4.4,192.168.1.143,TCP,56075,443,60
8.8.8.8,192.168.1.143,TCP,56075,443,60
8.8.8.8,192.168.1.143,TCP,56075,443,342
8.8.8.8,192.168.1.143,TCP,56075,443,553
192.168.1.143,8.8.8.8,TCP,56075,443,66
192.168.1.143,8.8.8.8,TCP,56075,443,66
192.168.1.143,172.165.69.228,TCP,56075,443,54
192.168.1.143,172.165.69.228,TCP,56075,443,672
8.8.8.8,192.168.1.143,TCP,56075,443,85
192.168.1.143,8.8.8.8,TCP,56075,443,74
173.194.128.71,192.168.1.143,UDP,443,56075,267
192.168.1.143,173.194.128.71,UDP,56075,443,84
8.8.4.4,192.168.1.143,UDP,443,51874,71
8.8.4.4,192.168.1.143,UDP,443,51874,71
8.8.4.4,192.168.1.143,UDP,443,51874,621
192.168.1.143,8.8.4.4,UDP,51874,443,75
192.168.1.143,8.8.4.4,UDP,51874,443,75
192.168.1.143,8.8.4.4,UDP,51874,443,79
8.8.8.8,192.168.1.143,TCP,51874,443,1033
8.8.8.8,192.168.1.143,TCP,51874,443,1305
192.168.1.143,8.8.8.8,TCP,51874,443,66
192.168.1.143,8.8.8.8,TCP,51874,443,54
192.168.1.143,8.8.8.8,TCP,51874,443,85
192.168.1.143,8.8.8.8,TCP,51874,443,93
173.194.128.71,192.168.1.143,UDP,443,56075,1292
13.107.42.16,192.168.1.143,TCP,443,56075,1464
192.168.1.143,13.107.42.16,TCP,443,56075,66
192.168.1.143,173.194.128.71,UDP,56075,443,85
8.8.4.4,192.168.1.143,UDP,443,51874,66
192.168.1.143,35.190.87.184,TCP,443,51874,55
13.107.42.16,192.168.1.143,TCP,443,51874,1464
192.168.1.143,13.107.42.16,TCP,443,51874,54
8.8.4.4,192.168.1.143,TCP,443,51874,66
13.107.42.16,192.168.1.143,TCP,443,51874,1464
192.168.1.111,192.168.1.255,UDP,137,137,92
8.8.8.8,192.168.1.143,TCP,137,137,66
172.165.69.228,192.168.1.143,TCP,137,137,908
192.168.1.143,172.165.69.228,TCP,137,137,66
192.168.1.143,173.194.128.71,UDP,56075,443,71
151.101.1.21,192.168.1.143,TCP,56075,443,362
192.168.1.143,151.101.1.21,TCP,56075,443,66
192.168.1.143,8.8.4.4,UDP,51874,443,71
192.168.1.143,13.107.42.16,TCP,51874,443,54
192.168.1.114,224.0.0.251,UDP,5353,5353,96
